3301;LUGAR;ABEDUL;
1;CALLE;ABEDULESLOS;
4136;PLAZA;ABOGADODEOFICIO;
1801;LUGAR;ABULI;
4089;CALLE;ABUNDIOGASCON;
4135;PLAZA;ACADEMIAOJANGUREN;
2;CALLE;ACEBOSLOS;
3;CALLE;ACISCLOMU�IZVIGO;
4;CALLE;ADELANTADODELAFLORIDA;
5;CALLE;ADOLFOALVAREZFOLGUERAS;
4048;PLAZA;ADOLFOBARTHEAZA;
6;CALLE;ADOLFOPOSADA;
747;CALLE;AGUAMIERA;
7;CALLE;AGUILA;
646;PASEO;AIDALAFUENTE;
3401;LUGAR;AJUYAN;
774;PLAZA;ALAMEDADELA;
8;PASEO;ALAMOSDELOS;
9;CALLE;ALBENIZ;
531;CALLE;ALCALDELOPEZMULERO;
11;CALLE;ALCALDEMANUELALVAREZ-BUYLLA;
12;CALLE;ALEJANDROCASONA;
610;AVDA;ALEMANIADE;
440;PLAZA;ALFONSOCAMIN;
604;TRVA;ALFONSOIELCATOLICO;
14;CALLE;ALFONSOIELCATOLICO;
566;CALLE;ALFONSOIGLESIAS;
15;PLAZA;ALFONSOIIELCASTO;
16;CALLE;ALFONSOIIIELMAGNO;
556;CALLE;ALFONSOMU�OZDEDIEGO;
631;CALLE;ALFREDOBLANCO;
4158;CALLE;ALFREDODELAROZACAMPO;
4025;CALLE;ALLER;
17;CALLE;ALMACENESINDUSTRIALES;
638;URB;ALONDRASLAS(OLIVARES);
18;CALLE;ALONSODEPROAZA;
19;CALLE;ALONSODEQUINTANILLA;
3302;LUGAR;ALPERI;
20;CALLE;ALTAMIRANO;
21;CALLE;ALVAREZLORENZANA;
2712;LUGAR;ALVARI;
560;CALLE;ALVARODEALBORNOZ;
22;CALLE;ALVAROFLOREZESTRADA;
23;PLAZA;AMERICADE;
491;CALLE;AMPAROPEDREGAL;
778;CALLE;AMSTERDAM;
4067;PLAZA;ANAGARCIA;
681;CALLE;ANABELSANTIAGOSANCHEZ;
24;CALLE;ANGELCA�EDO;
4164;CALLE;ANGELDELRIOURIBE;
4073;PLAZA;ANGELGONZALEZ;
25;CALLE;ANGELMU�IZTOCA;
4133;CALLE;ANGELESMU�IZHERES(GELINOS);
26;CALLE;ANGUSTIASPINTO;
27;CALLE;ANICETOSELA;
3101;LUGAR;ANIEVES;
777;CALLE;ANITAFRATARCANGELI;
28;CALLE;ANTIDIOVELASCO;
611;PASEO;ANTONIOGARCIAOLIVEROS;
656;CALLE;ANTONIOMARTINEZVEGA;
29;CALLE;ANTONIOMAURA;
761;CALLE;ANTONIOSANCHEZVALDESANTON;
30;CALLE;ANTRACITALA;
4010;CALLE;ARANCEDO;
4070;CALLE;ARANJUEZ;
31;CALLE;ARCIPRESTEDEHITA;
32;CALLE;ARCODELOSZAPATOS;
3601;LUGAR;ARENALESLOS;
33;LUGAR;ARENALESLOS-SANLAZARO;
2701;LUGAR;ARE�ES;
34;CALLE;ARGA�OSA;
3303;LUGAR;ARGOLLANES;
35;CALLE;ARG�ELLES;
3304;LUGAR;ARGUMALEL;
36;CALLE;ARMANDOCOLLAR;
37;CALLE;ARMANDOOJANGUREN;
1701;LUGAR;ARMATILLADEABAJO;
1702;LUGAR;ARMATILLADEARRIBA;
2401;LUGAR;ARQUERALA;
38;CALLE;ARQUITECTOREGUERA;
39;CALLE;ARQUITECTOTIODA;
528;CALLE;ARQUITECTOSGALAN;
748;CALLE;ARROYOVAQUEROS;
4052;PSAJE;ARTIG�ELA;
40;CALLE;ARTUROALVAREZ-BUYLLA;
1614;PQUE;ARTUROFERNANDEZ;
41;CALLE;ARZOBISPOGUISASOLA;
42;CALLE;ARZOBISPOLAUZURICA;
43;CALLE;ASTURCON;
44;CALLE;ASTURIAS;
682;CALLE;ATAULFOLADACAMBLOR;
779;AVDA;ATENAS;
2001;LUGAR;ATROLLOEL;
45;CALLE;AUGUSTOJUNQUERA;
46;AVDA;AURELIANOSANROMAN;
47;CALLE;AURELIODELLANO;
405;CALLE;AURORADEALBORNOZ;
1863;CALLE;AUSTRIA;
627;PQUE;AVEMARIA;
48;CALLE;AVELLANOSLOS;
785;CALLE;AVILES;
710;CTRA;AVILES-SOTO(GODOS);
3305;LUGAR;AVI�O;
801;LUGAR;AYONES;
387;CALLE;AYUNTAMIENTO;
49;CALLE;AZCARRAGA;
4053;PSAJE;BAILONEL;
50;CALLE;BALDOMEROFERNANDEZ;
1601;LUGAR;BARQUERALA;
3602;LUGAR;BARRACALA;
2535;LUGAR;BARREDO;
1201;LUGAR;BARREDOSLOS;
3513;LUGAR;BARRERO;
1001;LUGAR;BARREROS;
2203;LUGAR;BARROSA;
2502;LUGAR;BARROSALA;
1815;LUGAR;BARZANALA-CERDE�O;
3210;LUGAR;BAYON;
4110;CALLE;BEATOJOSEGAFO;
52;CALLE;BEGONIASLAS;
53;CALLE;BELARMINOCABAL;
1862;CALLE;BELGICA;
728;CALLE;BELMONTEDEMIRANDA;
802;LUGAR;BELONGA;
2503;LUGAR;BELOVIO;
3201;LUGAR;BENDONES;
768;CALLE;BENEDICTOSANTOSLOPEZ;
54;CALLE;BENJAMINORTIZ;
55;CALLE;BERMUDEZDECASTRO;
56;CALLE;BERMUDOIELDIACONO;
57;CALLE;BERNARDOCASIELLES;
612;LUGAR;BERTEDORIO;
4026;CALLE;BIMENES;
3514;LUGAR;BISUE�A;
1219;CALLE;BOAL;
2532;LUGAR;BOBELA;
4077;CALLE;BOCADELRIO;
1611;LUGAR;BOCARRERO;
532;PLAZA;BOCHUM;
1216;LUGAR;BOLGACHINA;
58;CTRA;BOLGACHINADELA;
1101;LUGAR;BOLGUINALA;
613;PASEO;BOMBEDEL;
3603;LUGAR;BOSQUEEL-CRUCES;
2824;LUGAR;BOSQUEEL-TRUBIA;
1607;LUGAR;BOZADEABAJO;
1606;LUGAR;BOZADEARRIBA;
3306;LUGAR;BRA�ALA;
3402;LUGAR;BRA�ES;
3604;LUGAR;BRA�IELLALA-CRUCES;
661;CALLE;BRAVONEL;
780;AVDA;BRUSELASDE;
60;ALTO;BUENAVISTA;
59;AVDA;BUENAVISTADE;
65;LUGAR;BUENAVISTALAERIA;
125;LUGAR;BUENAVISTALASCORTINAS;
534;LUGAR;BUENAVISTAOLIVARES;
69;CALLE;BUENOSAIRES;
1610;LUGAR;BURACONEL;
70;CALLE;BURRIANA;
1501;LUGAR;CABA�ALA-NAVES;
1703;LUGAR;CABA�ALA-OLLONIEGO;
2504;LUGAR;CABA�ALA-SANCLAUDIO;
3403;LUGAR;CABA�ASLAS;
71;CALLE;CABONOVAL;
72;CALLE;CABOPE�AS;
698;PQUE;CABORNIADELA;
3307;LUGAR;CABORNIO-BOX;
1202;LUGAR;CABORNIO-MANJOYA;
4027;CALLE;CABRANES;
2002;LUGAR;CAGIGAL;
2301;LUGAR;CALDASLAS;
3605;LUGAR;CALDEROEL;
73;CALLE;CALDERONDELABARCA;
3339;LUGAR;CALEYALA;
803;LUGAR;CALEYOEL;
1832;LUGAR;CALEYUCALA;
3515;LUGAR;CALZADALA;
2801;LUGAR;CAMALES;
4104;PQUE;CAMINODESANTIAGO;
1820;CALLE;CAMINOREAL;
810;CALLE;CAMPADEOLIVARESLA;
2713;LUGAR;CAMPALA;
734;PASEO;CAMPASDELAS;
901;LUGAR;CAMPASLAS;
1102;LUGAR;CAMPIELLO-LORIANA;
1203;LUGAR;CAMPIELLO-MANJOYA;
76;PSAJE;CAMPILLOYCOSSIO;
2831;LUGAR;CAMPO;
77;PLAZA;CAMPODELAVEGA;
78;CALLE;CAMPODELOSPATOS;
811;CALLE;CAMPODEOLIVARESEL;
1502;LUGAR;CAMPOEL;
79;CALLE;CAMPOAMOR;
80;CALLE;CAMPOMANES;
666;CALLE;CAMPOSLOS;
2536;LUGAR;CAMPOSLOS-COTAYON(SANCLAUDIO);
2906;LUGAR;CANAL;
794;CALLE;CANDAMO;
82;CALLE;CANONIGA;
4044;AVDA;CANTABRICODEL;
2402;LUGAR;CANTAJUEL;
1740;LUGAR;CANTARILLON;
606;LUGAR;CANTERASDELPICAYON;
4055;PSAJE;CANTERONALA;
1510;LUGAR;CANTIL;
1739;LUGAR;CANTIQUIN;
2012;LUGAR;CANTOEL;
2530;BARRO;CANTULLOSO;
1704;LUGAR;CAPILLALA;
1002;LUGAR;CARAVIA;
3202;LUGAR;CARBAJAL;
2702;LUGAR;CARBALLINOSLOS;
2703;LUGAR;CARBAYEDALA;
3331;LUGAR;CARBAYEU;
84;PLAZA;CARBAYONDEL;
902;LUGAR;CARBAYONEL;
2537;LUGAR;CARBAYOS;
2013;LUGAR;CARBONERO;
2206;LUGAR;CARCABA;
1503;LUGAR;CARCABALA;
745;CALLE;CARDENALALVAREZMARTINEZ;
85;CALLE;CARDENALARCEOCHOTORENA;
86;CALLE;CARDENALCIENFUEGOS;
87;CALLE;CARDENALINGUANZO;
4171;PLAZA;CARDENALTARANCON;
3324;CTRA;CARGADERODEL;
536;CMNO;CARISADELA;
88;CALLE;CARLOSASENSIOBRETONES;
673;CALLE;CARLOSBOUSO�O;
4118;PLAZA;CARLOSOSORO;
620;CALLE;CARLOSPRIETO;
723;CALLE;CARLOSSAINZ;
4151;PLAZA;CARMENPRIETOALVAREZ-VALDES;
4145;CALLE;CARMENRUIZ-TILVEARIAS;
2407;LUGAR;CARNERA;
89;CALLE;CARPIO;
787;CALLE;CARRE�O;
90;CALLE;CARRE�ODEMIRANDA;
2107;LUGAR;CARRERALA;
3001;LUGAR;CARRILESLOS;
91;CALLE;CARTAPUEBLA;
1514;LUGAR;CARUDIA;
812;CALLE;CASALAMORENADEOLIVARES;
1405;LUGAR;CASALICOS;
813;CALLE;CASAMANINDEOLIVARES;
1401;LUGAR;CASARES-NARANCO;
1705;LUGAR;CASARES-OLLONIEGO;
3203;LUGAR;CASASDELACARRETERA;
2710;LUGAR;CASASDELMONTE;
386;LUGAR;CASASDELTUNEL;
722;LUGAR;CASCAYUEL(NOOFICIAL);
1204;LUGAR;CASERONEL;
2003;LUGAR;CASIELLES-PEREDA;
2302;LUGAR;CASIELLES-PRIORIO;
4028;CALLE;CASO;
2408;LUGAR;CASONA;
92;PSAJE;CASTA�OSDELOS;
3341;LUGAR;CASTIELLO;
3404;LUGAR;CASTIELLOEL;
93;PLAZA;CASTILLADE;
795;CALLE;CASTRILLON;
1220;CALLE;CASTROPOL;
2829;BARRO;CATALU�A;
95;CALLE;CATEDRATICOADOLFOALVAREZ-BUYLLA;
96;CALLE;CATEDRATICOFRANCISCOBECE�A;
97;CALLE;CATEDRATICOGIMENO;
98;CALLE;CATEDRATICOJOSEMARIASERRANO;
588;CALLE;CATEDRATICOLUISSELASAMPIL;
99;CALLE;CATEDRATICOMIGUELTRAVIESAS;
585;CALLE;CATEDRATICOPEREZCASAS;
100;CALLE;CATEDRATICORODRIGOURIA;
1115;LUGAR;CAVA;
101;CALLE;CAVEDA;
102;CALLE;CELESTINOALVAREZ;
104;CALLE;CELESTINOVILLAMIL;
2820;CALLE;CELESTINOZUAZUA;
814;CALLE;CENTENALDEOLIVARESEL;
382;CMNO;CERAMICADELA;
1845;TRVA;CERDE�O-SANTANDERSEGUNDA;
105;PSAJE;CEREZOSDELOS;
106;CALLE;CERVANTES;
13;CALLE;CHARLESDARWIN;
539;CALLE;CHAVIA;
134;CALLE;CHILE;
2534;TRVA;CIDA-SANCLAUDIO;
2505;LUGAR;CIDA-SANCLAUDIO;
107;CLLJA;CIEGADELA;
108;CALLE;CIMADEVILLA;
2506;LUGAR;CIMADEVILLA-SANCLAUDIO;
109;CALLE;CIRIACOMIGUELVIGIL;
609;PQUE;CIUDADDETAMPA;
642;CALLE;CIUDADESUNIDAS;
4099;CALLE;CLARACAMPOAMOR;
633;PQUE;CLARIN;
110;CALLE;CLAUDIOSANCHEZALBORNOZ;
111;CALLE;CLAVELESLOS;
4078;CALLE;CLERMONT-FERRAND;
4006;CALLE;COA�A;
1301;LUGAR;CODEJAL;
4131;PLAZA;COFRADIAAMIGOSDELOSQUESOS;
2204;LUGAR;COGOLLO;
4126;CALLE;COLEGIODULCENOMBREDEJESUS(DOMINICAS);
4122;CALLE;COLEGIOHISPANIA;
4128;CALLE;COLEGIOSANIGNACIO;
4127;CALLE;COLEGIOSANISIDORO;
4130;CALLE;COLEGIOSANTATERESADEJESUS;
4129;CALLE;COLEGIOSANTOANGELDELAGUARDA;
4125;CALLE;COLEGIOSANTODOMINGODEGUZMAN;
4124;CALLE;COLEGIOVIRGENMILAGROSA;
697;CALLE;COLENXU;
112;AVDA;COLONDE;
113;CALLE;COMANDANTEBRUZO;
117;CALLE;CONCEPCION;
114;CALLE;CONCEPCIONARENAL;
695;PLAZA;CONCEYINDEL;
1836;LUGAR;CONCEYIN-CORREDORIA;
4005;PLAZA;CONCHAHERES;
118;CALLE;CONCINOS;
2004;LUGAR;CONDADOEL;
119;CALLE;CONDEDETORENO;
690;PLAZA;CONSEJODEEUROPA;
1402;LUGAR;CONSTANTE;
120;CALLE;CONSTANTINOCABAL;
121;PLAZA;CONSTITUCIONDELA;
122;CALLE;CONSUL;
903;LUGAR;CONTRIZLA;
706;GRUP;COOPERATIVASANTATERESASOTOABAJO;
2538;LUGAR;CORNAU;
2811;GRUP;CORONELBAEZA;
124;CALLE;CORONELBOBES;
704;GRUP;CORONELESTEBAN-SOTODEABAJO;
2816;CALLE;CORONELHERNANDOESPINOSA;
334;PLAZA;CORRADADELOBISPO;
2307;LUGAR;CORRAPIEDRALA;
1834;CTRA;CORREDORIAALTA;
1835;CTRA;CORREDORIABAJA;
1725;CALLE;CORSINONAVESLLANEZA;
786;PQUE;CORSINOSUAREZMIRANDA;
1850;LUGAR;CORTIJOEL;
1504;LUGAR;CORTINA;
126;CALLE;CORU�ALA;
788;CALLE;CORVERA;
1205;LUGAR;CORZOSLOS;
128;CALLE;COSTAVERDE;
3511;LUGAR;COTARIELLO-CACES;
3338;LUGAR;COTARIELLO-TUDELAVEGUIN;
2507;LUGAR;COTAYON-SANCLAUDIO;
3308;LUGAR;COTOLAPILA;
129;CALLE;COVADONGA;
3606;LUGAR;COVADONGA-CRUCES;
705;GRUP;COVADONGA-SOTOABAJO;
130;AVDA;CRISTODELASCADENAS;
3607;LUGAR;CRUCEEL-CRUCES;
1706;LUGAR;CRUCEEL-OLLONIEGO;
3608;LUGAR;CRUCESLAS;
2508;LUGAR;CRUZLA;
4058;PSAJE;CRUZLA;
694;GTA;CRUZROJADELA;
133;CALLE;CUATROASESDELACANCIONASTURIANA;
628;PLAZA;CUATROCA�OS;
2014;LUGAR;CUBA;
789;CALLE;CUDILLERO;
2303;LUGAR;CUESTAAYONES;
815;CALLE;CUESTADEOLIVARESLA;
2802;LUGAR;CUESTASLAS;
3624;LUGAR;CUETO;
3309;LUGAR;CUEVALA-BOX;
1707;LUGAR;CUEVALA-OLLONIEGO;
1807;LUGAR;CUYENCES;
635;CALLE;DANIELMOYANO;
135;PLAZA;DAOIZYVELARDE;
136;CALLE;DARIODEREGOYOS;
4153;PLAZA;DEPORTEADAPTADODEL;
572;CALLE;DERECHOSHUMANOS;
1406;LUGAR;DESCANSODELVAQUERO;
672;CALLE;DIAMANTINARODRIGUEZ;
1864;CALLE;DINAMARCA;
138;CALLE;DIONISIORIDRUEJO;
140;CALLE;DOCTORALFREDOMARTINEZ;
540;CALLE;DOCTORAMALIOTELENTI;
662;CALLE;DOCTORANTONIOBASCARANASUNSOLO;
141;CALLE;DOCTORBELLMUNT;
142;CALLE;DOCTORCASAL;
653;CALLE;DOCTOREDUARDOGONZALEZMENENDEZ;
626;CALLE;DOCTORFERNANDOBONGERA;
144;CALLE;DOCTORFLEMING;
143;PSAJE;DOCTORFRANCISCOGARCIADIAZ;
541;CALLE;DOCTORFRANCISCOGRANDECOVIAN;
583;CALLE;DOCTORJOAQUINGARCIAMORAN;
658;CALLE;DOCTORPEDROQUIROS;
625;CALLE;DOCTORSOLISCAJIGAL;
665;CALLE;DOCTORVICENTEVALLINA;
657;AVDA;DOCTORESFERNANDEZVEGA;
4013;PLAZA;DOLORESMEDIO;
2832;CALLE;DOMINGORODRIGUEZ;
519;CALLE;DONVICTORQUINTANAR;
798;PLAZA;DONANTESDESANGRE;
4100;CALLE;DO�AGONTRODO;
145;CALLE;DO�AILUMINADA;
4101;CALLE;DO�AJIMENA;
146;CALLE;ECCEHOMO;
636;CALLE;EDUARDODEFRAGATORREJON;
4156;CALLE;EDUARDOGONZALEZMACANO;
763;PLAZA;EDUARDOGOTALOSADA;
147;CALLE;EDUARDOHERRERAHERRERITA;
148;CALLE;EDUARDOMARTINEZTORNER;
4019;PLAZA;EDUARDOURCULO;
149;CALLE;EMIGRANTE;
542;CALLE;EMILIOALARCOSLLORACH;
4075;PLAZA;EMILIOCASARESRODICIO;
677;CALLE;EMILIOLLANEZA;
150;CALLE;EMILIORODRIGUEZVIGIL;
4076;PLAZA;EMILIOSAGI;
679;CALLE;ENRIQUECLAVEROL;
908;CALLE;ENRIQUEDEOSSO;
578;PQUE;ENRIQUEQUIROSMONTESDEOCA;
4120;PLAZA;ENSE�ANZADELA;
3310;LUGAR;ENTREPE�AS;
1833;LUGAR;ERIALA-COLLOTO;
581;CALLE;ERNESTOWINTERBLANCO;
2101;LUGAR;ESCALONESLOS;
151;PLAZA;ESCANDALERADELA;
1737;LUGAR;ESCOBADIELLESDEABAJO;
1738;LUGAR;ESCOBADIELLESDEARRIBA;
3405;LUGAR;ESCONTIELLA;
4132;CALLE;ESCUELADEMAGISTERIO;
1824;CMNO;ESCUELAS;
152;CALLE;ESCULTORFOLGUERAS;
153;CALLE;ESCULTORLAVIADA;
543;CALLE;ESCULTORNAVASCUES;
154;PLAZA;ESPA�ADE;
2533;LUGAR;ESPRIELLA;
1735;BARRO;ESTACIONDELA-OLLONIEGO;
2544;CTRA;ESTACIONDELA-SANCLAUDIO;
2550;CTRA;ESTACIONDELA-SANROQUE;
2409;LUGAR;ESTACION-PUERTO;
1848;CTRA;ESTRECHALA;
155;CALLE;EUCALIPTOSLOS;
156;CALLE;EUGENIOTAMAYO;
157;CALLE;EUSEBIOGONZALEZABASCAL;
158;CALLE;EVARISTOVALLE;
1103;LUGAR;FABERIN;
2827;LUGAR;FABRICADEARMAS;
2547;CTRA;FABRICADELA;
159;CALLE;FACETOS;
807;LUGAR;FAEDO;
4050;PLAZA;FAMILIATOYOS;
1003;LUGAR;FARODEABAJO;
1004;LUGAR;FARODEARRIBA;
615;CALLE;FAUSTINOGARCIA-ROELRODRIGUEZ;
3329;LUGAR;FAVARIEGALA;
161;CALLE;FAVILA;
3330;LUGAR;FAYALA;
74;CALLE;FEDERICOGARCIALORCA;
162;PLAZA;FEIJOODE;
1602;LUGAR;FELECHES;
163;CALLE;FELIXARAMBURU;
164;CALLE;FERMINCANELLA;
166;CALLE;FERNANDEZDEOVIEDO;
167;CALLE;FERNANDEZJUNCOS;
83;CALLE;FERNANDOALONSO;
4043;PLAZA;FERNANDOALVAREZGARCIA;
170;CALLE;FERNANDODEROJAS;
4051;PLAZA;FERNANDORUBIOBARDON;
171;CALLE;FERNANDOVELA;
172;CALLE;FERNANDOVILLAAMIL;
4109;CALLE;FERNANDOZUAZUA;
2410;LUGAR;FERREDAL;
775;PLAZA;FERROCARRILESECONOMICOSDEASTURIASDELOS;
691;PLAZA;FERROVIARIOSDELOS;
173;CALLE;FIERRO;
3512;LUGAR;FIGARINES;
1865;CALLE;FINLANDIA;
1808;LUGAR;FITORIA;
288;CALLE;FLORATRISTAN;
4004;PASEO;FLORIDADELA;
1711;LUGAR;FOCARADEABAJO;
1743;LUGAR;FOCARADEARRIBA;
910;LUGAR;FOLGUERA;
3002;LUGAR;FOLGUERAS;
174;CALLE;FONCALADA;
175;PLAZA;FONCALADA;
4059;PSAJE;FONTABIAN;
176;CALLE;FONTAN;
4060;PSAJE;FONTANINES,LES;
3204;LUGAR;FOZALGUERA;
4146;CALLE;FRANCISCOARIASDEVELASCOYSARANDESES;
177;CALLE;FRANCISCOBANCESCANDAMO;
179;CALLE;FRANCISCOCAMBO;
607;TRVA;FRANCISCOGONZALEZARG�ELLES;
667;CALLE;FRANCISCOPINTADOFE;
181;CALLE;FRANCISCOREITER;
1221;CALLE;FRANCOEL;
182;CALLE;FRATERNIDAD;
183;CALLE;FRAYCEFERINO;
3620;LUGAR;FRESNO;
199;PLAZA;FRESNODEL;
816;CALLE;FRIALDADEOLIVARESLA;
3609;LUGAR;FRIERA-CRUCES;
1852;LUGAR;FRIERA-LAGRANXA;
185;CALLE;FRUELA;
1731;LUGAR;FUENTEDEABAJO;
1733;LUGAR;FUENTEDEARRIBA;
616;LUGAR;FUENTEDELAPLATA;
1206;LUGAR;FUENTEDELFORNO;
187;CALLE;FUENTEDELPRADO;
1826;LUGAR;FUENTEDELRIO-COLLOTO;
749;CALLE;FUENTEDELRIO-CORREDORIA;
4062;PSAJE;FUENTEELSAPU;
660;PLAZA;FUENTELABRA�A;
186;CALLE;FUENTELAPLATA;
188;CALLE;FUEROEL;
189;CALLE;FUERTESACEVEDO;
570;CALLE;FUMAXIL;
1727;LUGAR;FUMEA;
692;AVDA;FUNDACIONPRINCIPEDEASTURIAS;
721;PLAZA;GABINODIAZMERCHAN;
190;AVDA;GALICIADE;
4068;CALLE;GANADEROSASTURIANOS;
191;CALLE;GARDENIASLAS;
192;CALLE;GASCONA;
668;CALLE;GASPARGARCIALAVIANA;
2552;CTRA;GENERAL;
1825;CTRA;GENERALCOLLOTOSANTANDER;
2814;CALLE;GENERALCUBILLO;
193;CALLE;GENERALELORZA;
2817;CALLE;GENERALELORZA-TRUBIA;
2815;CALLE;GENERALFONSDEVIELA;
194;PLAZA;GENERALORDO�EZDEL;
2833;PLAZA;GENERALORDO�EZDEL-TRUBIA;
195;PLAZA;GENERALPRIMODERIVERA;
2837;PLAZA;GENERALREINADEL;
544;CALLE;GENERALSABINOFERNANDEZCAMPO;
197;CALLE;GENERALZUVILLAGA;
198;CALLE;GERANIOSLOS;
744;AVDA;GIJONDE;
200;CALLE;GILBLAS;
201;CALLE;GILDEJAZ;
116;CALLE;GLORIAFUERTES;
701;LUGAR;GODOS;
557;CALLE;GOICOAGUIRRE;
202;CALLE;GONZALEZBESADA;
203;CALLE;GONZALEZDELVALLE;
2822;LUGAR;GORTALLOEL;
204;CALLE;GOYA;
796;CALLE;GOZON;
724;CALLE;GRADO;
205;CALLE;GRANADOS;
3333;LUGAR;GRANDALA-BOX;
1207;LUGAR;GRANDALA-MANJOYA;
2411;LUGAR;GRANDAS;
1505;LUGAR;GRANDOTALA;
2509;LUGAR;GRANJALA;
1809;LUGAR;GRANXALA;
206;CALLE;GREGORIOMARA�ON;
4066;CALLE;GREMIODECONFITEROS;
4095;PLAZA;GREMIODELIBREROS;
4159;JDIN;GRUPOFOLKLORICOELHORRIN;
207;CALLE;GUILLERMOESTRADA;
4119;PLAZA;GUISANDERASLAS;
208;CALLE;HABANALA;
4094;CALLE;HANGZHOU;
209;CALLE;HELECHOSLOS;
2510;LUGAR;HERASLAS;
210;CALLE;HERMANASSANCHEZTAMARGO;
4020;PLAZA;HERMANOSCANTON;
4117;CALLE;HERMANOSMARISTASDELAENSE�ANZA;
211;AVDA;HERMANOSMENENDEZPIDAL;
212;CALLE;HERMANOSVILLANUEVA;
213;CALLE;HEVIABOLA�OS;
545;CALLE;HISTORIADORJUANURIA;
1866;AVDA;HOLANDADE;
596;CALLE;HUERTADEOTERO;
214;CALLE;HUERTASLAS;
215;CLLJA;HUEVOSDELOS;
216;CALLE;HULLALA;
2554;LUGAR;IBESALA;
2405;LUGAR;IGLESIAS;
569;CALLE;IGNACIOALVAREZCASTELAO;
739;CALLE;IGNACIOHERREROGARRALDA;
217;CALLE;ILDEFONSOMARTINEZ;
559;CALLE;ILDEFONSOSANCHEZDELRIO;
790;CALLE;ILLAS;
218;CALLE;INDALECIOPRIETOTUERO;
219;CALLE;INDEPENDENCIA;
4007;POLIG;INDUSTRIALDEOLLONIEGO-TUDELA-ZONAA;
4008;POLIG;INDUSTRIALDEOLLONIEGO-TUDELA-ZONAB;
4009;POLIG;INDUSTRIALDEOLLONIEGO-TUDELA-ZONAC;
1861;POLIG;INDUSTRIALESPIRITUSANTO;
220;CALLE;INGENIEROMARQUINA;
222;CALLE;INGENIEROPATAC;
4123;CALLE;INSTITUTOALFONSOII;
4121;CALLE;INSTITUTOARAMO;
1867;AVDA;IRLANDADE;
4074;CALLE;ISIDOROCHAMORROPEREZ;
576;CALLE;ISIDORORODRIGUEZACEVEDO;
4165;CALLE;ISIDROLANGARA;
223;CALLE;ISLADECUBA;
643;PQUE;ISMAELFUENTE;
4108;PLAZA;ITALIA;
617;AVDA;ITALIADE;
224;CALLE;JABALI;
225;CALLE;JACINTOBENAVENTE;
226;CALLE;JACINTOSLOS;
740;CALLE;JAIMETRUYOLSSANTONJA;
1851;CALLE;JARDIN;
4021;CALLE;JAVIERGROSSI;
227;CALLE;JERONIMOIBRAN;
4079;CALLE;JERSEYCITY;
228;CALLE;JESUS;
229;CALLE;JESUSARIASDEVELASCO;
700;CALLE;JESUSCASTRO;
759;CALLE;JESUSSAENZDEMIERA;
230;CALLE;JOAQUINBLUME;
168;CALLE;JOAQUINCOSTA;
649;CALLE;JOAQUINDEXUNO;
4106;CALLE;JOAQUINDIAZALVAREZ;
568;CALLE;JOAQUINMANZANARES;
558;CALLE;JOAQUINVAQUEROPALACIOS;
231;CALLE;JOAQUINVILLACA�AL;
232;CALLE;JOAQUINABOBELA;
4107;CALLE;JORGEGARCIARODRIGUEZ;
683;CALLE;JORGETUYA;
233;CALLE;JOSEANTONIOELOLAOLASO;
234;AVDA;JOSECIMA;
618;AVDA;JOSECUESTA;
235;CALLE;JOSEECHEGARAY;
799;CALLE;JOSEELXARRERU;
3342;PQUE;JOSEFERMINPALICIOSUAREZ;
575;CALLE;JOSEGARCIANIETO;
4090;PLAZA;JOSEGONZALEZBERNARDINO;
685;PLAZA;JOSEGONZALEZELPRESI;
4011;CALLE;JOSELOPEZ-MU�IZ;
236;CALLE;JOSEMALDONADO;
4149;CALLE;JOSEMANUELBUJANALVAREZ;
648;CALLE;JOSEMANUELFUENTEELTARANGU;
4148;CALLE;JOSEMANUELNEBOT;
562;CALLE;JOSEMARIAFERNANDEZBUELTA;
4047;CALLE;JOSEMARIAMARCILLA;
574;CALLE;JOSEMARIAMARTINEZCACHERO;
4097;AVDA;JOSEMARIARICHARDGRANDIO;
680;CALLE;JOSEMARTINEZBOTON;
678;CALLE;JOSEMENENDEZCARRE�OCUCHICHI;
772;CALLE;JOSEMIGUELCASOGONZALEZ;
689;CALLE;JOSENORIEGA;
741;CALLE;JOSERAMONTOLIVARFAES;
237;CALLE;JOSERAMONZARAGOZA;
684;CALLE;JOSEREMISOVALLE;
1849;CALLE;JOSEREQUEJO;
239;CALLE;JOSETARTIERE;
4098;CALLE;JOSEURIAURIA;
4152;CALLE;JOSEVELEZABASCAL;
686;CALLE;JOSEFINAARG�ELLES;
240;CALLE;JOVELLANOS;
4162;CALLE;JUANALVAREZALVAREZ;
765;CALLE;JUANANTONIOALVAREZRABANAL;
580;CALLE;JUANANTONIOVALLEJO-NAGERABOTAS;
241;CALLE;JUANBELMONTE;
196;CALLE;JUANBENITOARG�ELLES;
242;CALLE;JUANBOTASROLDAN;
243;CALLE;JUANCORDERO;
244;CALLE;JUANESCALANTEDEMENDOZA;
4142;PLAZA;JUANMANUELJUNCEDAAVELLO;
654;CALLE;JUANMANUELSANCHEZ-OCA�ASERRANO;
4140;PQUE;JUANMATA;
554;PASEO;JUANMIGUELDELAGUARDIA;
4071;PLAZA;JUANPABLOII;
245;CALLE;JUANRAMONJIMENEZ;
4137;CALLE;JUANSEBASTIANLOPEZ-ARRANZ;
246;CALLE;JUANVALERA;
247;PLAZA;JUANXXIIIDE;
669;PLAZA;JUANINDEMIERES;
248;CALLE;JULIANCA�EDO;
249;AVDA;JULIANCLAVERIA;
1821;CALLE;JULIANCLAVERIA-COLLOTO;
4113;CALLE;JULIOALVAREZMENDO;
250;CALLE;JULIOGONZALEZPOLA;
647;PASEO;JULIOVALLAUREFERNANDEZ-PE�A;
4114;PLAZA;KIKEGOMEZHACES;
3335;LUGAR;LABEDO;
1710;LUGAR;LABERU;
3003;LUGAR;LADINES;
251;CALLE;LAGOENOL;
619;PLAZA;LAGOENOL;
252;PLAZA;LAGOSDESOMIEDO;
3506;LUGAR;LAGRA;
1104;LUGAR;LAMPAJUA;
904;LUGAR;LAMPAYA;
4029;CALLE;LANGREO;
4154;PLAZA;LASPELAYAS;
804;LUGAR;LATORES;
1736;LUGAR;LAVAYOS;
3004;LUGAR;LAVIADA;
4030;CALLE;LAVIANA;
4031;CALLE;LENA;
253;AVDA;LEONDE;
254;CALLE;LEONYESCOSURA;
255;CALLE;LEOPOLDOALAS;
256;CALLE;LEPANTO;
750;CALLE;LESMATUQUES;
257;PLAZA;LIBERTADDELA;
258;CALLE;LILA;
909;LUGAR;LILLO;
1816;LUGAR;LIMANES;
2406;LUGAR;LINCADO;
781;AVDA;LISBOADE;
805;LUGAR;LLAGUEL;
2511;LUGAR;LLAMALA;
1208;LUGAR;LLAMAOSCURA-MANJOYA;
270;CALLE;LLAMAQUIQUE;
2813;LUGAR;LLAMAS;
1506;LUGAR;LLANALA-NAVES;
2207;LUGAR;LLANA-PINTORIA;
1712;LUGAR;LLANDELLENADEABAJO;
1713;LUGAR;LLANDELLENADEARRIBA;
4032;CALLE;LLANERA;
1507;LUGAR;LLANEZA;
3507;LUGAR;LLANO;
1508;LUGAR;LLANODELRIO;
905;LUGAR;LLANOEL;
271;CALLE;LLANOPONTE;
3623;LUGAR;LLANOSLOS;
696;CALLE;LLAVIADA;
2512;LUGAR;LLORALLA;
2542;LUGAR;LLORALINALA;
1305;LUGAR;LLOSALA-MANZANEDA;
1730;LUGAR;LLOSALA-OLLONIEGO;
1511;LUGAR;LLOSONA-NAVES;
3205;LUGAR;LLOVERA;
259;CALLE;LOGRO�O;
286;CALLE;LOLAMATEOS;
385;LUGAR;LOMADEPANDO;
261;PLAZA;LONGORIACARBAJAL;
262;CALLE;LOPEDEVEGA;
263;CALLE;LOPEZDELVALLADO;
264;CALLE;LORENZOABRU�EDO;
1105;LUGAR;LORIANA;
1116;LUGAR;LOTERO;
1106;LUGAR;LUBRIO;
630;CALLE;LUCASRODRIGUEZ-PIRE;
3005;LUGAR;LUGARIN;
3610;LUGAR;LUGIDO;
4087;CALLE;LUISA.FUEYO;
4017;PLAZA;LUISARRONES;
265;CALLE;LUISBRAILLE;
737;PLAZA;LUISESTRADAGONZALEZ;
632;CALLE;LUISFERNANDEZCASTA�ON;
4003;PLAZA;LUISFERNANDEZCORONADO;
4116;CALLE;LUISGRACIAIBERNI;
4160;CALLE;LUISJOSEDEAVILAFERNANDEZ;
4163;CALLE;LUISMARIAFERNANDEZCANTELI;
4161;CALLE;LUISMARTINEZNOVAL;
267;CALLE;LUISMU�IZ;
675;CALLE;LUISOREJASCANSECO;
760;CALLE;LUISRIERAPOSADA;
268;PLAZA;LUISRUIZDELAPE�A;
582;CALLE;LUISSUAREZXIMIELGA;
269;CALLE;LUNALA;
2005;LUGAR;LUSIELLA;
782;CALLE;LUXEMBURGO;
272;CALLE;MADRETERESAJORNET;
273;CALLE;MADRESELVASLAS;
4015;PLAZA;MADRID;
103;CALLE;MAESTRASDELAREPUBLICA;
699;CALLE;MAESTRODONMARCIANO;
2818;CALLE;MAESTROLARROSA;
693;PLAZA;MAESTROSDELOS;
274;CALLE;MAGDALENA;
4144;PLAZA;MAGDALENADEULLOA;
773;CALLE;MAGINBERENGUERALONSO;
275;CALLE;MAGNOLIASLAS;
2513;LUGAR;MAJALA;
276;CALLE;MALATERIALA;
1107;LUGAR;MALPICA-LORIANA;
1714;LUGAR;MALPICA-OLLONIEGO;
4022;PLAZA;MANOLODIAZ;
687;CALLE;MANOLOPONTEO;
4170;CALLE;MANUELCRESPO;
277;CALLE;MANUELCUETOGUISASOLA;
278;CALLE;MANUELDEFALLA;
564;CALLE;MANUELDELFRESNO;
738;PLAZA;MANUELDIAZALVAREZ;
279;CALLE;MANUELESTRADA;
571;CALLE;MANUELFERNANDEZAVELLO;
659;PQUE;MANUELFERNANDEZRODRIGUEZ;
10;CALLE;MANUELGARCIACONDE;
4093;PLAZA;MANUELHERREROZUMALACARREGUI;
280;CALLE;MANUELLLANEZA;
281;CALLE;MANUELPEDREGAL;
4155;CALLE;MANUELVIGILMONTOTO;
1302;LUGAR;MANZANEDA;
3325;CALLE;MANZANILLA;
282;PSAJE;MANZANOSLOS;
283;AVDA;MARDEL;
284;CALLE;MARCELINOFERNANDEZ;
285;CALLE;MARCELINOSUAREZ;
287;CALLE;MARIAANDALLON;
165;CALLE;MARIAXOSEFACANELLADA;
634;PLAZA;MARINOLEJARRETA;
563;CALLE;MARIONUEVO;
289;CALLE;MARISCALSOLIS;
290;CALLE;MARQUESDEGASTA�AGA;
296;CALLE;MARQUESDELAVEGADEANZO;
291;CALLE;MARQUESDEMOHIAS;
292;CALLE;MARQUESDEPIDAL;
293;CALLE;MARQUESDESANTACRUZ;
294;CALLE;MARQUESDETEVERGA;
295;CALLE;MARQUESDEVALERODEURRIA;
2704;LUGAR;MARTINEZLA;
297;CALLE;MARTINEZMARINA;
298;CALLE;MARTINEZVIGIL;
1844;LUGAR;MATASLAS-CERDE�O;
300;CALLE;MATEMATICOPEDRAYES;
645;CALLE;MATEOLLANADIAZ-ESTEBANEZ;
4150;PLAZA;MATILDEESCORTELLPONSODA;
115;CALLE;MATILDEGARCIADELREAL;
131;LUGAR;MATORRALA-VEGADELCRISTO;
302;CALLE;MAXIMILIANOARBOLEYA;
303;CALLE;MAXIMOYFROMESTANO;
304;CALLE;MAYORAZU;
2514;LUGAR;MAZASLAS;
4000;CALLE;MEDIALEGUALA;
1209;LUGAR;MEDIOEL;
305;CALLE;MEJICO;
2415;LUGAR;MELANDRERO;
306;CALLE;MELQUIADESALVAREZ;
565;CALLE;MELQUIADESCABAL;
307;CALLE;MENDIZABAL;
308;CALLE;MENENDEZYPELAYO;
3625;LUGAR;MERCADIN;
1213;BARRO;MERCEDLA;
3108;LUGAR;MEREDALEL;
3621;LUGAR;MESONEL;
1613;LUGAR;MESTASLAS;
4033;CALLE;MIERES;
311;CALLE;MIGUELDEUNAMUNO;
651;CALLE;MIGUELINDURAIN;
312;CALLE;MILICIASNACIONALES;
3334;LUGAR;MINA;
4012;PLAZA;MIRADORALARAMO;
1742;LUGAR;MIRANDALA;
754;CALLE;MOLINDEPACHON;
755;CALLE;MOLINELTORO;
751;CALLE;MOLINLACASUCA;
753;CALLE;MOLINLAFRERA;
752;CALLE;MOLINLOSCA�ALES;
1108;LUGAR;MOLINA-LORIANA;
2901;LUGAR;MOLINA-TRUBIA;
2834;CMNO;MOLINODEL;
3102;LUGAR;MOLINOEL;
4001;CALLE;MOLINOSDESINICIO;
2553;LUGAR;MOMAYOR;
313;CALLE;MON;
1715;LUGAR;MONEGRO;
352;CALLE;MONSE�OROSCARARNULFOROMERO;
640;PLAZA;MONTA�EROSVETUSTA;
1008;LUGAR;MONTE;
639;URB;MONTEALTO;
314;CALLE;MONTEAUSEVA;
316;CALLE;MONTECERRAU;
608;BARRO;MONTEDEL-CONCINOS;
1612;LUGAR;MONTEEL-NORA;
2905;LUGAR;MONTEEL-UDRION;
317;CALLE;MONTEGAMONAL;
2823;LUGAR;MONTENALON;
1811;LUGAR;MONTERREY;
318;CALLE;MONTESDELARAMO;
319;CALLE;MONTESDELSUEVE;
817;CALLE;MONTICUDEOLIVARESEL;
320;CALLE;MONTICUEL;
321;AVDA;MONUMENTOSDELOS;
2904;LUGAR;MORALLA;
2205;LUGAR;MORAN;
4034;CALLE;MORCIN;
3612;LUGAR;MORENTE;
1831;LUGAR;MOREO;
1716;LUGAR;MORTERALA;
322;CALLE;MUERDAGO;
2412;LUGAR;MUNIELLO;
323;CALLE;MU�OZDEGRAIN;
3340;LUGAR;MURIELLALA;
324;CALLE;MURILLO;
800;CALLE;MUROSDELNALON;
325;CALLE;NACHINDENACHA;
1407;LUGAR;NARANCO;
327;CALLE;NARANJODEBULNES;
328;CALLE;NARCISOHERNANDEZVAQUERO;
4035;CALLE;NAVA;
2515;LUGAR;NAVALIEGA;
1509;LUGAR;NAVES;
797;CALLE;NAVIA;
329;PSAJE;NEGRILLOSLOS;
1215;LUGAR;NEVERALA;
330;CALLE;NICOLASSORIA;
331;CALLE;NICOLASYPEPINRIVERO;
2516;LUGAR;NIEVARES;
4112;PLAZA;NIEVESFERNANDEZPLANAS;
767;PLAZA;NOCEDALA;
555;CALLE;NOELLLOPISLLADO;
332;PSAJE;NOGALESLOS;
1812;LUGAR;NONIN;
4023;PQUE;NORA;
3006;LUGAR;NORA;
771;CALLE;NORE�A;
3613;LUGAR;NOVALES;
766;PQUE;NUEVACORREDORIA;
333;CALLE;NUEVEDEMAYO;
1853;CALLE;OBDULIAALVAREZLABUSDONGA;
335;CALLE;OBISPOMANUELFERNANDEZCASTRO;
336;PLAZA;OCCIDENTE;
4103;PLAZA;OLIMPICA;
818;AVDA;OLIVARES;
337;LUGAR;OLIVARES;
591;CTRA;OLIVARES;
592;LUGAR;OLIVARESLATORRE;
644;URB;OLIVARES(NOOFICIAL);
3107;CTRA;OLLONIEGOATUDELAVEGUIN;
2517;LUGAR;OMEDO;
4072;PLAZA;ONCE;
338;CALLE;ORDO�OI;
579;CALLE;ORLANDOPELAYO;
4143;CALLE;ORLANDOSANZALVAREZ;
339;CALLE;ORTEGAYGASSET;
4172;PQUE;OSCARGONZALEZALVAREZ;
340;CALLE;OSCURA;
341;CALLE;OSOEL;
342;CALLE;OTERO;
343;PLAZA;OTERO;
597;LUGAR;OTEROCASASDEVICTOR;
2518;LUGAR;OTERUELO;
3508;LUGAR;OTURA;
2543;CTRA;OVIEDO;
4166;PLAZA;OVIEDOMODERNO,C.F.FEMENINO;
711;GRUP;PABELLONESSOTOABAJO;
746;CALLE;PABLOALONSORATO;
587;PASEO;PABLOIGLESIASDE;
4168;CALLE;PACOLAFUENTE;
3614;LUGAR;PADERNI;
344;CALLE;PADREALLER;
345;CALLE;PADREBUENAVENTURAPAREDES;
346;CALLE;PADREFERRERO;
641;CALLE;PADREFLORENCIO;
347;CALLE;PADRESUAREZ;
348;CALLE;PADREVINJOY;
1741;LUGAR;PADRUNEL;
349;CALLE;PALACIOVALDES;
577;CALLE;PALMIRAVILLAGONZALEZ-RIO;
3312;LUGAR;PANDIELLALA;
351;AVDA;PANDODE;
3615;LUGAR;PANDOEL;
2201;LUGAR;PANDOPICAYO;
3502;LUGAR;PANDO-CACES;
663;PSAJE;PARADADEPOSTAS;
599;PLAZA;PARAGUAS;
353;CALLE;PARAISO;
4036;CALLE;PARRES;
3332;LUGAR;PASADALA;
3320;CALLE;PAULINOGARCIA;
354;CALLE;PAULINOVICENTE;
355;PLAZA;PAZDELA;
2842;LUGAR;PEDREGAL;
2539;LUGAR;PEDREO;
3007;LUGAR;PEDRERALA;
356;CALLE;PEDROANTONIOMENENDEZ;
546;CALLE;PEDROCARAVIA;
4157;PLAZA;PEDROGONZALEZLOPEZ;
357;AVDA;PEDROMASAVEU;
4169;CALLE;PEDROMATEO;
358;PLAZA;PEDROMI�OR;
2102;LUGAR;PEDRU�O;
359;CALLE;PELAYO;
360;PASEO;PENSIONISTASDELOS;
1403;LUGAR;PE�AELFUELLE;
1109;LUGAR;PE�ANORA;
361;CALLE;PE�ASANTADEENOL;
362;CALLE;PE�AUBI�A;
1817;LUGAR;PE�ASLAS-CERDE�O;
3326;CALLE;PE�ASCALA;
595;LUGAR;PE�EOPALAIS;
363;PSAJE;PE�EOSLOS;
742;CALLE;PEPECOSMEN;
364;CALLE;PEPINRODRIGUEZ;
2007;LUGAR;PEREDA;
365;LUGAR;PEREDALA;
94;LUGAR;PEREDALOSCATALANES;
366;CALLE;PEREZDEAYALA;
367;CALLE;PEREZDELASALA;
368;CALLE;PEREZGALDOS;
655;CALLE;PERIODISTASCEPEDA;
2803;LUGAR;PERLAVIA;
2804;LUGAR;PERLIN;
369;CALLE;PESO;
1404;LUGAR;PEVIDALEL;
370;CALLE;PICASSO;
1608;LUGAR;PICOEL;
1303;LUGAR;PICOLAVI�A;
2836;LUGAR;PIEDRALLASA;
2103;LUGAR;PIEDRAMUELLE;
4045;PLAZA;PIERREDECOUBERTIN;
371;CALLE;PILARESLOS;
4037;CALLE;PILO�A;
590;URB;PINOSLOS;
372;CALLE;PINOSLOS;
622;CALLE;PINTORCESARGONZALEZ-POLA;
602;CALLE;PINTORFRANCISCOCASARIEGO;
601;CALLE;PINTORJOSEPEREZJIMENEZ;
373;PSAJE;PINTORLUISFERNANDEZ;
374;CALLE;PINTORRIBERA;
2202;LUGAR;PINTORIA-PINTORIA;
2838;CTRA;PINTORIA-TRUBIA;
3616;LUGAR;PINTOSLOS;
2304;LUGAR;PI�ERALA;
375;CALLE;PI�OLE;
376;CALLE;PIOXII;
819;CALLE;PIPONDEOLIVARESEL;
1117;LUGAR;PIQUEROS;
1718;LUGAR;PITALA;
377;PSAJE;PLACIDOALVAREZBUYLLA;
2540;LUGAR;PLANADERA;
4024;CALLE;POETASGAMONEDA;
378;CALLE;POLICARPOHERRERO;
3206;LUGAR;POLLEDOEL;
4038;CALLE;PONGA;
2551;TRVA;PONTEO;
1110;LUGAR;PONTEO-LORIANA;
2519;LUGAR;PONTEO-SANCLAUDIO;
2545;CTRA;PONTEO-SANCLAUDIO;
2548;CTRA;PONTEO-SANROQUE;
1860;LUGAR;PONTONDEVAQUEROS;
379;LUGAR;PONTONEL;
388;PLAZA;PORLIER;
1719;LUGAR;PORTAZGOEL;
389;CALLE;POSADAHERRERA;
390;CALLE;POSTIGOALTO;
391;CALLE;POSTIGOBAJO;
3012;LUGAR;POYANA;
392;CALLE;POZOSLOS;
3503;LUGAR;POZOVAL;
820;CALLE;PRADINDEOLIVARESEL;
1827;CMNO;PRADOSDELOS;
1828;LUGAR;PRADOSLOS;
393;CALLE;PRAOPICON;
791;CALLE;PRAVIA;
2305;LUGAR;PREMA�ALA;
3313;LUGAR;PRESALA;
4141;CALLE;PRESIDENTEADOLFOSUAREZ;
1603;LUGAR;PRIA�ES;
1210;LUGAR;PRIETOSLOS;
394;CALLE;PRINCIPADO;
1728;AVDA;PRINCIPEDEASTURIAS;
2306;LUGAR;PRIORIO;
730;CALLE;PROAZA;
137;CALLE;PROGRESO;
2555;CALLE;PRUDENCIOFERNANDEZPELLO;
676;PLAZA;PUEBLODEMADRID;
1846;LUGAR;PUEBLOEL;
3109;LUGAR;PUENTEEL;
1818;LUGAR;PUENTEEL-CERDE�O;
783;PLAZA;PUERTADEEUROPA;
637;URB;PUERTADEOVIEDO;
2403;LUGAR;PUERTO;
395;CALLE;PUERTODELEITARIEGOS;
396;CALLE;PUERTODEPAJARES;
398;CALLE;PUERTODETARNA;
399;CALLE;PUERTOPONTON;
400;CALLE;PUERTORICO;
397;CALLE;PUERTOSANISIDRO;
401;AVDA;PUMARINDE;
3336;LUGAR;PUMARIN-PANDIELLA(BOX);
589;PQUE;PURIFICACIONTOMASVEGA;
735;CALLE;PURITADELARIVA;
3509;LUGAR;QUEMADA;
402;CALLE;QUEVEDO;
2810;LUGAR;QUIMICADELNALON-LARIERA;
707;GRUP;QUIMICADELNALON-SOTO;
561;PLAZA;QUINELPESCADOR;
3622;LUGAR;QUINTA;
403;CALLE;QUINTANA;
821;CALLE;QUINTANADEOLIVARESLA;
535;CALLE;QUINTANALA;
2805;LUGAR;QUINTANALA-TRUBIA;
1720;LUGAR;QUINTANAL-OLLONIEGO;
2413;LUGAR;QUINTANAL-PUERTO;
3314;LUGAR;QUINTANASLAS-BOX;
3008;LUGAR;QUINTANA-VILLAPEREZ;
3103;LUGAR;QUINTANIELLA;
4016;CALLE;QUIROS;
404;CALLE;RAFAELALTAMIRA;
4138;PQUE;RAFAELCUARTAS;
674;CALLE;RAFAELFERNANDEZ;
406;CALLE;RAFAELMARIADELABRA;
736;CALLE;RAFAELR.URRUSTI;
407;CALLE;RAFAELSARANDESES;
733;PLAZA;RAFAELSOMOANOBERDASCO;
408;CALLE;RAMIROI;
2825;CALLE;RAMONLOPEZ;
1214;AVDA;RAMONPANDIELLO;
409;CALLE;RAMONPRIETOBANCES;
743;CALLE;RAMONROMEA;
410;CALLE;RAMONYCAJAL;
2835;CLLON;RAMOS;
2903;LUGAR;RAMPLALA;
3626;LUGAR;RAPOSIA;
4139;PLAZA;RAULBERZOSA;
411;CALLE;RAYO;
309;CALLE;RAYOMERCADINALTO;
310;CALLE;RAYOMERCADINBAJO;
594;TRVA;RAYOPRIMERATRAVESIA;
139;CALLE;REALOVIEDO;
412;CALLE;REBECOEL;
1005;LUGAR;REBOLLADA;
1111;LUGAR;REBOLLAL;
413;CALLE;RECONQUISTA;
414;CALLE;RECTORLEOPOLDOALASHIJO;
415;CALLE;REGENTALA;
416;CALLE;REGLALA;
822;CALLE;REGUERADEOLIVARESLA;
4039;CALLE;REGUERASLAS;
3322;BARRO;REQUEJADO;
1112;LUGAR;REQUEJO-LORIANA;
2840;LUGAR;REQUEJO-TRUBIA;
3343;PQUE;REVUELTADELCOLLAU;
417;CALLE;REYESCATOLICOS;
4040;CALLE;RIBERADEARRIBA;
418;CALLE;RICARDOMONTES;
762;CALLE;RICARDOVAZQUEZPRADA;
419;PLAZA;RIEGODE;
605;LUGAR;RIELLO;
3510;LUGAR;RIENDALA;
2806;LUGAR;RIERALA;
758;CALLE;RIERALA;
420;CALLE;RIOCARES;
421;CALLE;RIOCAUDAL;
422;CALLE;RIOCUBIA;
423;CALLE;RIODEVA;
424;CALLE;RIODOBRA;
425;CALLE;RIOEO;
426;CALLE;RIOESVA;
573;CALLE;RIOIBIAS;
427;CALLE;RIONALON;
428;CALLE;RIONARCEA;
429;CALLE;RIONAVIA;
430;CALLE;RIONONAYA;
431;CALLE;RIONORA;
432;CALLE;RIOORLE;
433;CALLE;RIOPIGUE�A;
434;CALLE;RIOPILO�A;
435;CALLE;RIOPORCIA;
436;CALLE;RIOSANPEDRO;
437;CALLE;RIOSELLA;
4046;CALLE;RIOSA;
2546;BARRO;RIVERO;
438;CALLE;ROBERTOFRASINELLI;
439;CALLE;ROBERTOVELAZQUEZRIERA;
1822;LUGAR;ROCES-COLLOTO;
1006;LUGAR;ROCES-LIMANES;
1211;LUGAR;RODADALA;
1113;LUGAR;RODIELLA;
4115;CALLE;RODRIGOGROSSI;
4002;PLAZA;RODRIGOSUAREZGARCIA;
784;AVDA;ROMADE;
441;CALLE;RONDA;
623;CALLE;RONDASUR;
4147;PLAZA;ROSAMARIAESBERTALEMANY;
442;CALLE;ROSAL;
443;CALLE;ROSALESLOS;
808;LUGAR;ROTELLALA;
3208;LUGAR;ROZAVILLAR;
603;LUGAR;ROZONALA;
444;CALLE;RUA;
4086;CALLE;RUBENDARIO;
445;CTRA;RUBIN;
629;CALLE;SABINOALVAREZ-GENDIN;
446;CALLE;SACRAMENTO;
725;CALLE;SALAS;
586;PLAZA;SALVADORALLENDEDE;
447;CALLE;SALVADORDEMADARIAGA;
4069;CALLE;SALVADORFUENTEGONZALEZ;
492;CALLE;SAMUELSANCHEZ;
2807;LUGAR;SANANDRES;
448;CALLE;SANANTONIO;
449;CALLE;SANBENITO;
450;CALLE;SANBERNABE;
451;CALLE;SANCIPRIANO;
1901;LUGAR;SANCIPRIANODEPANDO;
3617;LUGAR;SANCRISTOBAL;
452;CALLE;SANFRANCISCO;
4096;PLAZA;SANFRANCISCOCOLL;
2821;CALLE;SANFRANCISCO-TRUBIA;
1721;LUGAR;SANFRECHOSO;
453;CALLE;SANIGNACIODELOYOLA;
454;CALLE;SANISIDORO;
455;CALLE;SANJOSE;
4091;CALLE;SANJOSEDECALASANZ;
456;CALLE;SANJUAN;
457;GTA;SANJUANDELACRUZ;
3327;BARRO;SANJULIAN;
4167;BULEV;SANJULIANDELOSPRADOS/SANTUYANO;
458;CALLE;SANLAZARO;
459;LUGAR;SANLAZARODEPANICERES;
4092;CALLE;SANMARCELINOCHAMPAGNAT;
1222;CALLE;SANMARTINDEOSCOS;
4041;CALLE;SANMARTINDELREYAURELIO;
460;CALLE;SANMATEO;
51;CALLE;SANMELCHORGARCIASAMPEDRO;
461;PLAZA;SANMIGUEL;
2008;LUGAR;SANMIGUEL-PEREDA;
462;AVDA;SANPEDRODELOSARCOS;
463;CALLE;SANPEDRODEMESTALLON;
1609;LUGAR;SANPEDRODENORA;
1729;LUGAR;SANPELAYO;
3618;LUGAR;SANRAFAEL;
624;CALLE;SANRAFAELARNAIZ;
464;CALLE;SANROQUE;
3106;BARRO;SANROQUE-ANIEVES;
652;TRVA;SANROQUE-SANCLAUDIO;
2521;LUGAR;SANROQUE-SANCLAUDIO;
2531;CALLE;SANROQUE-SANCLAUDIO;
2549;CALLE;SANROQUE-SANROQUE;
1223;CALLE;SANTIRSODEABRES;
1212;LUGAR;SANTORCUATO;
465;CALLE;SANVICENTE;
466;CALLE;SANTAANA;
1843;LUGAR;SANTAANADEABULI;
621;TRANS;SANTABARBARADE;
467;CALLE;SANTACLARA;
1304;LUGAR;SANTAEULALIA;
468;CALLE;SANTAEULALIADEMERIDA;
1224;CALLE;SANTAEULALIADEOSCOS;
2839;LUGAR;SANTAMARIA;
1408;LUGAR;SANTAMARIADELNARANCO;
469;CALLE;SANTASUSANA;
470;CALLE;SANTATERESADEJESUS;
471;AVDA;SANTANDERDE;
1819;CTRA;SANTANDER-CERDE�O;
2841;LUGAR;SANTIAGO;
4080;CALLE;SANTIAGODECOMPOSTELA;
2601;LUGAR;SANTIANES;
727;CALLE;SANTOADRIANO;
472;PLAZA;SANTODOMINGO;
806;LUGAR;SANTOMEDERO;
473;PLAZA;SANTULLANODE;
474;CALLE;SANZYFORES;
475;CALLE;SARASUAREZSOLIS;
769;CALLE;SARIEGO;
476;CALLE;SATURNINOFRESNO;
477;CALLE;SAUCESLOS;
478;CALLE;SCHULTZ;
479;PSAJE;SEBASTIANMIRANDA;
480;AVDA;SEGADASDELAS;
2009;LUGAR;SEGADASLAS;
481;CALLE;SELGAS;
708;CALLE;SEMANALA;
482;CALLE;SEMINARIO;
2105;LUGAR;SENDIN;
483;CALLE;SEVEROOCHOA;
1722;LUGAR;SIENRA;
809;LUGAR;SIENRALA;
770;CALLE;SIERO;
484;CALLE;SILLADELREY;
4088;PLAZA;SINDICATOSMINEROS;
3504;LUGAR;SIONES;
4018;PLAZA;SIXTOALVAREZARMAN;
4042;CALLE;SOBRESCOBIO;
2705;LUGAR;SOGRANDIODEABAJO;
2706;LUGAR;SOGRANDIODEARRIBA;
598;CLLJA;SOLDEL;
485;PLAZA;SOLDEL;
855;LUGAR;SOLISESLOS;
729;CALLE;SOMIEDO;
1723;LUGAR;SOPE�A-OLLONIEGO;
2556;CALLE;SORBLANCAARGOTE;
3104;LUGAR;SOTIELLO;
703;LUGAR;SOTODEABAJO;
709;LUGAR;SOTODEARRIBA;
792;CALLE;SOTODELBARCO;
2826;AVDA;SOTOMAYOR;
486;CALLE;SUAREZDELARIVA;
2819;CALLE;SUAREZINCLAN;
1868;CALLE;SUECIA;
664;CALLE;TAHONALA;
756;CALLE;TALLERESDECARROS;
1225;CALLE;TAPIADECASARIEGO;
3010;LUGAR;TARABICA;
1226;CALLE;TARAMUNDI;
1823;LUGAR;TEJERALA;
487;CALLE;TEJOSLOS;
488;CALLE;TELESFOROCUEVAS;
489;CALLE;TENDERINA;
493;CALLE;TEODOMIROMENENDEZ;
494;CALLE;TEODOROCUESTA;
4049;PLAZA;TEODOROLOPEZ-CUESTA;
732;CALLE;TEVERGA;
495;CALLE;TIGREJUAN;
496;CALLE;TILOSLOS;
726;CALLE;TINEO;
3323;CALLE;TINOCASAL;
497;CALLE;TIRSODEAVILES;
498;CALLE;TITOBUSTILLO;
1813;LUGAR;TOLEO;
184;CALLE;TOMASCRESPOFRIGILIS;
1218;LUGAR;TORALEL;
720;URB;TORDOSLOS(OLIVARES)NOOFICIAL;
2106;LUGAR;TORIELLO;
2529;LUGAR;TOROLLOEL;
823;CALLE;TORREDEOLIVARESLA;
2522;LUGAR;TORRELA-SANCLAUDIO;
499;CALLE;TORRECERREDO;
500;AVDA;TORRELAVEGADE;
1409;LUGAR;TORRE-NARANCO;
4081;CALLE;TORREVIEJA;
757;CALLE;TRAPONESLOS;
501;PLAZA;TRASCORRALES;
123;CALLE;TRECEROSAS;
650;CALLE;TRESDEABRILDE1979;
2907;LUGAR;TRESVIAS;
2523;LUGAR;TRESLLAMAS;
3105;LUGAR;TUDELADEAGUERIA;
4014;PLAZA;TUEROBERTRAND;
502;CALLE;TULIPANESLOS;
503;CALLE;TURBALA;
504;CALLE;TURINA;
2902;LUGAR;UDRION;
906;LUGAR;ULES;
4134;CALLE;UNAM;
1732;BARRO;U�ALA;
505;CALLE;URIA;
506;CALLE;UROGALLOEL;
2711;LUGAR;VALDEBLANCA;
3209;LUGAR;VALDEMORA;
3211;LUGAR;VALDERICA;
793;CALLE;VALDES;
507;CALLE;VALDESSALAS;
4082;CALLE;VALENCIADEDONJUAN;
552;CALLE;VALENTINANDRESALVAREZ;
508;AVDA;VALENTINMASIP;
2416;LUGAR;VALLE;
509;CALLE;VALLEEL;
2524;LUGAR;VALLEEL-SANCLAUDIO;
2528;BARRO;VALLINADELA;
824;CALLE;VALLINADEOLIVARESLA;
3505;LUGAR;VALLINALA;
4083;CALLE;VALPARAISO;
510;CALLE;VAZQUEZDEMELLA;
3337;TRVA;VEGADELA-BOX;
551;LUGAR;VEGADELCRISTO;
1114;LUGAR;VEGALA-LORIANA;
2707;LUGAR;VEGALA-SOGRANDIO;
2809;LUGAR;VEGALA-TRUBIA;
1227;CALLE;VEGADEO;
3318;LUGAR;VEGUINDEABAJO;
3319;LUGAR;VEGUINDEARRIBA;
511;CALLE;VELASQUITAGIRALDEZ;
512;CALLE;VELAZQUEZ;
2010;LUGAR;VENTADELAIRE;
3406;LUGAR;VENTALA-BRA�ES;
2708;LUGAR;VENTALA-SOGRANDIO;
553;LUGAR;VENTANIELLESALTO;
1724;LUGAR;VENTANINEL;
2714;LUGAR;VENTINALA;
1512;LUGAR;VENTUCA;
513;CALLE;VENTURARODRIGUEZ;
514;PASEO;VERACRUZ;
515;CALLE;VETUSTA;
221;CALLE;VIADUCTOMARQUINA;
516;CALLE;VICENTEALEIXANDRE;
671;CALLE;VICENTEMIRANDA;
4111;PLAZA;VICTIMASDELTERRORISMO;
517;CALLE;VICTORCHAVARRI;
518;CALLE;VICTORHEVIA;
520;CALLE;VICTORSAENZ;
3619;LUGAR;VIDAYAN;
1605;LUGAR;VIESCA;
4065;PSAJE;VIESCALA;
4084;CALLE;VILLACLARA;
593;LUGAR;VILLAFRIA;
521;CALLE;VILLAFRIA;
2525;LUGAR;VILLAMAR;
2541;CMNO;VILLAMARDE;
1855;LUGAR;VILLAMEJIL;
1007;LUGAR;VILLAMIANA;
907;LUGAR;VILLAMORSEN;
3009;LUGAR;VILLANUEVA;
1228;CALLE;VILLANUEVADEOSCOS;
526;CALLE;VILLAR;
2828;LUGAR;VILLARIN;
2709;LUGAR;VILLARMIL;
2011;LUGAR;VILLAR-PEREDA;
2404;LUGAR;VILLAR-PUERTO;
2830;LUGAR;VILLAR-TRUBIA;
2526;LUGAR;VILLAVERDE;
3011;LUGAR;VILORTEA;
3328;LUGAR;VI�ALA;
2414;LUGAR;VI�AS;
1513;LUGAR;VI�ON;
3407;LUGAR;VIOLEOEL;
776;CALLE;VIRGILIOPALACIO;
567;CALLE;VIRREYABASCAL;
4102;CALLE;VISEU;
527;CALLE;VITALAZA;
2812;LUGAR;VIVERO;
764;PLAZA;VIVEROSLOS;
1856;LUGAR;VIXIL;
4105;PLAZA;VOLADORESDEPAPANTLA;
3013;LUGAR;XINICIO;
670;CALLE;XUACUELDESAMA;
731;CALLE;YERNESYTAMEZA;
4085;CALLE;ZAMORA;
529;LUGAR;ZURRAQUERALA;
